{
    "val": {
        "acc": [
            0.8506040892193308,
            0.8664033457249071,
            0.8510687732342007,
            0.8557156133828996,
            0.858503717472119,
            0.858503717472119,
            0.858503717472119,
            0.8519981412639405,
            0.8519981412639405,
            0.8622211895910781,
            0.8575743494423792,
            0.862685873605948,
            0.8552509293680297,
            0.8603624535315985,
            0.8589684014869888,
            0.8673327137546468,
            0.8608271375464684,
            0.862685873605948,
            0.8622211895910781,
            0.862685873605948
        ],
        "precision": [
            0.4880382775119617,
            0.5422647527910686,
            0.48963317384370014,
            0.5055821371610846,
            0.5151515151515151,
            0.5151515151515151,
            0.5151515151515151,
            0.49282296650717705,
            0.49282296650717705,
            0.5279106858054227,
            0.5119617224880383,
            0.529505582137161,
            0.5039872408293461,
            0.5215311004784688,
            0.5167464114832536,
            0.5454545454545454,
            0.5231259968102073,
            0.529505582137161,
            0.5279106858054227,
            0.529505582137161
        ],
        "recall": [
            0.4872611464968153,
            0.5414012738853503,
            0.4888535031847134,
            0.5047770700636943,
            0.5143312101910829,
            0.5143312101910829,
            0.5143312101910829,
            0.49203821656050956,
            0.49203821656050956,
            0.5270700636942676,
            0.5111464968152867,
            0.5286624203821656,
            0.5031847133757962,
            0.5207006369426752,
            0.5159235668789809,
            0.5445859872611465,
            0.5222929936305732,
            0.5286624203821656,
            0.5270700636942676,
            0.5286624203821656
        ]
    },
    "test": {
        "acc": 0.8617565055762082,
        "precision": 0.5263157894736842,
        "recall": 0.5254777070063694,
        "f1": 0.5258964143426296
    }
}