{
    "val": {
        "acc": [
            0.8550185873605948
        ],
        "precision": [
            1.0
        ],
        "recall": [
            0.006369426751592357
        ]
    },
    "test": {
        "acc": 0.8545539033457249,
        "precision": 0.75,
        "f1": 0.00949367088607595
    }
}